"","Bearbeiter/in","Bogennummer_alph","Bogennummer_num","Bogennummer_ind","Digi_Index","Ort","Ort_Zusatz","Kreis","Provinz","tray"
"1","JH","a'",25,"10","Mappe_01_0001","Vilchband","999","Mosbach","Baden","II_90"
"2","JH","b'",21,"6","Mappe_01_0002","Schloßau","999","Buchen","Baden","II_58"
"3","JH","b'",23,"5","Mappe_01_0003","Bretzingen","999","Buchen","Baden","II_91"
"4","JH","c'",23,"8","Mappe_01_0004","Bronnacker","999","Buchen","Baden","II_92"
"5","JH","d'",18,"5","Mappe_01_0005","Oftersheim","999","Mannheim","Baden","II_60"
"6","JH","d'",20,"1","Mappe_01_0006","Neckarsteinach","999","Bergstraße","Gau Hessen Nassau","II_60"
"7","JH","d'",22,"3","Mappe_01_0007","Auerbach","999","Mosbach","Baden","II_60"
"8","JH","f'",18,"2","Mappe_01_0008","Kirrlach","999","Bruchsal","Baden","III_19"
"9","JH","f'",20,"4","Mappe_01_0009","Rohrbach","b. S.","Sinsheim (Elsenz)","Baden","III_19"
"10","JH","g'",18,"4","Mappe_01_0010","Buchenau","999","Bruchsal","Gau Baden","III_20"
"11","JH","g'",20,"2","Mappe_01_0011","Sulzfeld","999","Sinsheim","Baden","III_20"
"12","JH","i'",18,"3","Mappe_01_0012","Stupferich","999","Karlsruhe","999","III_22"
"13","JH","t'",17,"8","Mappe_01_0013","Weilersbach","999","Villingen (Schw.)","Baden","III_32"
"14","JH","v'",20,"1","Mappe_01_0014","Emmingen","ab Egg","Donaueschingen","Baden","III_34"
"15","JH","x'",17,"13","Mappe_01_0015","Weizen","999","Waldshut","Baden","III_36"
"16","JH","x'",19,"12","Mappe_01_0016","Singen","999","Konstanz","Baden","III_36"
"17","JH","x'",21,"9","Mappe_01_0017","Hödingen","999","Überlingen","Baden","III_36"
"18","JH","z'",22,"1","Mappe_01_0018","Konztanz","999","Konstanz","Baden","III_38"
"19","JH","i'",16,"6","Mappe_01_0019","Würmersheim","999","Rastatt","Baden","III_5"
"20","JH","l'",12,"2","Mappe_01_0020","Zöbersdorf","999","Straßburg-Land","Unter-Elsaß","III_7"
"21","JH","l'",15,"15","Mappe_01_0021","Sinzheim","999","Bühl","Baden","III_7"
"22","JH","u'",14,"1","Mappe_01_0022","Auenheim","999","Kehl","Baden","III_13"
"23","JH","v'",16,"1","Mappe_01_0023","Seebach","999","Bühl","Baden","III_13"
"24","JH","p'",13,"7","Mappe_01_0024","Ichenheim","999","Lahr","Baden","III_10"
"25","JH","p'",16,"7","Mappe_01_0025","Löcherberg","999","Offenburg","Baden","III_10"
"26","JH","s'",13,"1","Mappe_01_0026","Niederhausen","999","Emmendingen","Baden","III_12"
"27","JH","s'",13,"13","Mappe_01_0027","Bombach","999","Emmendingen","Baden","III_12"
"28","JH","t'",13,"2","Mappe_01_0028","Bottingen","999","Emmendingen","Baden","III_12"
"29","JH","v'",13,"11","Mappe_01_0029","Kirchhofen","999","Freiburg","Gau Baden","III_13"
"30","JH","w'",12,"2","Mappe_01_0030","Blodelsheim","999","Gebweiler","Elsaß","III_14"
"31","JH","x'",13,"6","Mappe_01_0031","Elbenschwand","999","Lörrach","Baden","III_14"
"32","JH","y'",15,"20","Mappe_01_0032","Höchenschwand","999","Waldshut","Baden","III_15"
"33","JH","z'",14,"4","Mappe_01_0033","Schwörstadt","999","Säckingen","Baden","III_16"
"34","JH","z'",15,"18","Mappe_01_0034","Birkingen","999","Waldshut","Baden","III_16"
"35","JH","s'",16,"1","Mappe_01_0035","Gutach","999","Wolfach","Baden","III_12"
"36","JH","v'",17,"8","Mappe_01_0036","Hüfingen","999","Donaueschingen","Baden","III_34"
"37","JH","O'",6,"10","XXI_01_0001","Bleibuir","999","Schleiden","Rheinland","II_15"
"38","JH","O'",7,"14","XXI_01_0002","Kreuzweingarten","999","Euskirchen Reg. Bez. Köln","Rheinland","II_15"
"39","JH","O'",9,"17","XXI_01_0003","Pissenheim","999","Bonn_Land","Rheinprovinz","II_15"
"40","JH","O'",14,"18","XXI_01_0004","Dreifelden","999","Oberwesterwald","Hessen-Nassau","II_45"
"41","JH","O'",21,"12","XXI_01_0005","Ober-Seibertenrod","999","Alsfeld","Oberhessen","II_45"
"42","JH","O'",26,"3","XXI_01_0006","Hofbieber","999","Fulda","Hessen-Nassau","II_78"
"43","JH","P'",12,"9","XXI_01_0007","Dierdorf","999","Neuwied","Rheinland","II_16"
"44","JH","P'",15,"15","XXI_01_0008","Ellar","999","Limburg","Hessen-Nassau","II_46"
"45","JH","P'",17,"12","XXI_01_0009","Hermannstein","999","Wetzlar","Hessen-Nassau","II_46"
"46","JH","P'",20,"2","XXI_01_0010","Harbach","999","Gießen","Oberhessen","II_46"
"47","JH","P'",23,"14","XXI_01_0011","Stockhausen","999","Lauterbach","Oberhessen","II_79"
"48","JH","Q'",5,"4","XXI_01_0012","Hellenthal","999","Schleiden","Rheinprovinz","II_17"
"49","JH","Q'",11,"6","XXI_01_0013","Neuwied","999","Neuwied","Rhein","II_17"
"50","JH","Q'",13,"20","XXI_01_0014","Montabaur","999","Unterwesterwald","Hessen-Nassau","II_47"
"51","JH","Q'",17,"13","XXI_01_0015","Brandoberdorf","999","Wetzlar","Hessen-Nassau","II_47"
"52","JH","Q'",19,"13","XXI_01_0016","Wohnbach","999","Friedberg","Oberhessen","II_47"
"53","JH","Q'",21,"8","XXI_01_0017","Glashütten","999","Büdingen","Oberhessen","II_47"
"54","JH","Q'",23,"16","XXI_01_0018","Hintersteinau","999","Schlüchtern","Hessen-Nassau","II_80"
"55","JH","Q'",25,"16","XXI_01_0019","Dalherda","999","Fulda","Hessen-Nassau","II_80"
"56","JH","Q'",28,"5","XXI_01_0020","Unterwaldbehrungen","999","Mellrichstadt /Rhön","999","II_80"
"57","JH","R'",7,"4","XXI_01_0021","Antweiler","Ahr.","Ahrweiler","Rheinprovinz","II_18"
"58","JH","R'",10,"4","XXI_01_0022","Obermendig","999","Mayen","Rheinprovinz","II_18"
"59","JH","R'",16,"12","XXI_01_0023","Eisenbach","999","Limburg","Hessen-Nassau","II_48"
"60","JH","R'",35,"4","XXI_01_0024","Tschirn","999","Kronach","Bayrische Ostmark Bayern","II_109"
"61","JH","S'",3,"2","XXI_01_0025","St. Vith","999","Malmedy","Rheinprovinz","II_19"
"62","JH","S'",9,"21","XXI_01_0026","Düngenheim","999","Kochem","Rheinprovinz","II_19"
"63","JH","S'",17,"17","XXI_01_0027","Arnoldshain","999","Usingen","Hessen-Nassau","II_49"
"64","JH","S'",20,"10","XXI_01_0028","Kaichen","999","Friedberg","Oberhessen","II_49"
"65","JH","S'",21,"6","XXI_01_0029","Düdelsheim","999","Büdingen","Oberhessen","II_49"
"66","JH","S'",24,"3","XXI_01_0030","Marjoss","999","Schlüchtern","Hessen-Nassau","II_82"
"67","JH","S'",26,"2","XXI_01_0031","Geroda","999","Brückenau /Rhön","Gau Würzburg","II_82"
"68","JH","S'",28,"3","XXI_01_0032","Brendlorenzen","999","Neustadt a/s","999","II_82"
"69","JH","S'",29,"8","XXI_01_0033","Aub","i. Grabfeld","Königshofen i. Grabfeld","Mainfranken","II_82"
"70","JH","S'",32,"12","XXI_01_0034","Koburg","999","Koburg","Gau Bayerische Ostmark","II_82"
"71","JH","T'",5,"3","XXI_01_0035","Weinsheim","999","Prüm","Rheinland","II_20"
"72","JH","T'",7,"4","XXI_01_0036","Gees","999","Daun","Rheinland","II_20"
"73","JH","T'",12,"2","XXI_01_0037","Udenhausen","999","St. Goar","Rheinprovinz","II_20"
"74","JH","T'",14,"10","XXI_01_0038","Laufenselden","999","Untertaunuskreis","Hessen-Nassau","II_50"
"75","JH","T'",15,"6","XXI_01_0039","Strinz-Trinitatis","999","Untertaunuskreis","Hessen-Nassau","II_50"
"76","JH","T'",34,"18","XXI_01_0040","Kronach","999","Kronach-Stadtsteinach","Gau Bayreuth","II_83"
"77","JH","T'",36,"1","XXI_01_0041","Reichenbach","b. W.","Kronach-Stadtsteinach","Bayer. Ostmark","II_111"
"78","JH","T'",37,"8","XXI_01_0042","Weislenreuth","999","Münchberg","Oberfranken","II_111"
"79","JH","T'",39,"1","XXI_01_0043","Rehau","999","Rehau","Bay. Ostmark","II_111"
"80","JH","U'",4,"7","XXI_01_0044","Lichtenborn","999","Prüm","Rheinland","II_21"
"81","JH","U'",6,"4","XXI_01_0045","Ralesfeld","999","Prüm","Rheinprovinz","II_21"
"82","JH","U'",7,"13","XXI_01_0046","Manderscheid","999","Wittlich","Rheinprovinz","II_21"
"83","JH","U'",9,"14","XXI_01_0047","Elller","999","Kochem","Rheinprovinz","II_21"
"84","JH","U'",14,"15","XXI_01_0048","Beltheim","999","Simmern","Rheinland","II_51"
"85","JH","U'",13,"12","XXI_01_0049","Bornick","999","Goarshausen","Hessen-Nassau","II_51"
"86","JH","U'",17,"7","XXI_01_0050","Lorsbach","999","Main-Taunus","Hessen-Nassau","II_51"
"87","JH","U'",19,"11","XXI_01_0051","Mühlheim","a. Main","Offenbach","Starkenburg","II_51"
"88","JH","U'",24,"1","XXI_01_0052","Rengersbrunn","999","Gemünden","Unterfranken","II_84"
"89","JH","U'",26,"6","XXI_01_0053","Obereschenbach","999","Hammelburg","Bayern","II_84"
"90","JH","U'",28,"8","XXI_01_0054","Maisbach","999","Schweinfurt","Mainfranken","II_84"
"91","JH","U'",32,"12","XXI_01_0055","Eggenbach","999","Staffelstein","Oberfranken","II_84"
"92","JH","U'",34,"12","XXI_01_0056","Altendorf","999","Lichtenfels","999","II_84"
"93","JH","U'",36,"13","XXI_01_0057","Ködnitz","999","Kulmbach","Oberfranken","II_112"
"94","JH","U'",38,"11","XXI_01_0058","Weißenhaid","Post Weißenstadt (Fichtelgeb.)","Selb","Oberfranken","II_112"
"95","JH","U'",39,"8","XXI_01_0059","Neuhaus","a. Eger","Selb","Ofr.","II_112"
"96","JH","V'",16,"1","XXI_01_0060","Dotzheim","999","Wiesbaden","Hessen-Nassau","II_52"
"97","JH","V'",21,"9","XXI_01_0061","Strötzbach","999","Alzenau","Mainfranken","II_52"
"98","JH","V'",29,"7","XXI_01_0062","Holzhausen","999","Haßfurt","Mainfranken","II_85"
"99","JH","W'",6,"14","XXI_01_0063","Speicher","999","Bitburg","Rheinprovinz","II_23"
"100","JH","W'",8,"1","XXI_01_0064","Salmrohr","999","Wittlich","Rheinland","II_23"
"101","JH","W'",10,"1","XXI_01_0065","Irmenach-Beuren","999","Zell/Mosel Reg. Bez. Koblenz","Rheinprovinz","II_23"
"102","JH","W'",15,"6","XXI_01_0066","Essenheim","999","Mainz","Hessen","II_53"
"103","JH","W'",17,"4","XXI_01_0067","Astheim","999","Groß-Gerau","Starkenburg (Land Hessen)","II_53"
"104","JH","W'",20,"3","XXI_01_0068","Altheim","999","Dieburg","Starkenburg (Land Hessen)","II_53"
"105","JH","W'",24,"2","XXI_01_0069","Einsiedel","999","Markt Heidenfeld","Gau Mainfranken","II_86"
"106","JH","W'",26,"2","XXI_01_0070","Thüngen","999","Karlstadt","Mainfranken","II_86"
"107","JH","W'",28,"2","XXI_01_0071","Hirschfeld","999","Schweinfurt","Mainfranken","II_86"
"108","JH","W'",30,"6","XXI_01_0072","Neuschleichach","999","Haßfurt","Mainfranken","II_86"
"109","JH","W'",32,"1","XXI_01_0073","Baunach","999","Ebern","Mainfranken","II_86"
"110","JH","W'",34,"7","XXI_01_0074","Drosendorf","E","Ebermannstadt","Bayer. Ostmark","II_86"
"111","JH","W'",38,"9","XXI_01_0075","Ahornberg","999","Kemnath","Byern","II_113"
"112","JH","W'",39,"10","XXI_01_0076","Fuchsmühl","999","Tirschenreuth","Oberpfalz","II_113"
"113","JH","X'",12,"1","XXI_01_0077","Mangerschied","999","Simmern","Rheinprovinz","II_24"
"114","JH","X'",14,"5","XXI_01_0078","Planig","999","Bingen","Rheinhessen","II_54"
"115","JH","X'",21,"9","XXI_01_0079","Großwallstadt","999","Obernburg a. M","Mainfranken","II_54"
"116","JH","X'",36,"10","XXI_01_0080","Geußen","999","Pegnitz, Oberfranken","Gau Bayr. Ostmark","II_113"
"117","JH","Y'",6,"3","XXI_01_0081","Born","999","Grevenmacher","Luxemburg","II_25"
"118","JH","Y'",14,"15","XXI_01_0082","Münster","am Stein","Kreuznach","Rheinprovinz","II_55"
"119","JH","Y'",16,"5","XXI_01_0083","Framersheim","999","Alzey","Rheinhessen","II_55"
"120","JH","Y'",17,"7","XXI_01_0084","Gernsheim","999","Groß-Gerau","Hessen-Nassau","II_55"
"121","JH","Y'",20,"3","XXI_01_0085","Nieder-Kainsbach ","(Odw)","Erbach","999","II_55"
"122","JH","Y'",25,"10","XXI_01_0086","Eisingen","999","Würzburg","Mainfranken","II_88"
"123","JH","Y'",28,"2","XXI_01_0087","Sommerach","999","Gerolzhofen","Unterfranken","II_88"
"124","JH","Y'",30,"1","XXI_01_0088","Wasserberndorf","999","Scheinfeld","Oberfr. U. Mittelfr.","II_88"
"125","JH","Y'",32,"4","XXI_01_0089","Sambach","999","Höchstadt an der Aisch","Bayrische Ostmark","II_88"
"126","JH","Y'",34,"7","XXI_01_0090","Ebermannstadt","999","Ebermannstadt","Oberfranken","II_88"
"127","JH","Y'",37,"7","XXI_01_0091","Tremmersdorf","999","Eschenbach","Oberpfalz","II_114"
"128","JH","Y'",39,"3","XXI_01_0092","Kirchendemenreuth","999","Neustadt a/s","Oberpfalz","II_114"
"129","JH","Z'",8,"999","XXI_01_0093","Hermeskeil","999","Trier-Land-Ost","Rheinprovinz","II_26"
"130","JH","Z'",10,"7","XXI_01_0094","Siesbach","999","Birkenfeld","Rheinprovinz","II_26"
"131","JH","Z'",11,"1","XXI_01_0095","Hintertiefenbach","999","Birkenfeld","Rheinprovinz","II_26"
"132","JH","Z'",22,"1","XXI_01_0096","Laudenbach","999","Miltenberg","Rheinfranken","II_56"
"133","JH","Z'",35,"3","XXI_01_0097","Bronn","999","Pegnitz","Oberfranken","II_114"
"134","JH","a'",5,"14","XXI_01_0098","Bilzingen","999","Saarburg","Rheinprovinz","II_27"
"135","JH","a'",7,"7","XXI_01_0099","Hentern","999","Saarburg","Rheinprovinz","II_27"
"136","JH","a'",9,"13","XXI_01_0100","Nohfelden","999","Birkenfeld","Rheinprovinz","II_27"
"137","JH","a'",11,"6","XXI_01_0101","Rathsweiler","999","Kusel","Saarpfalz","II_27"
"138","JH","a'",13,"16","XXI_01_0102","Schweisweiler","999","Rockenhausen","Saarpfalz","II_57"
"139","JH","a'",16,"6","XXI_01_0103","Großbockenheim","999","Frankenthal","Rheinpfalz","II_57"
"140","JH","a'",20,"1","XXI_01_0104","Kocherbach","999","Bergstraße","Starkenburg","II_57"
"141","JH","a'",27,"10","XXI_01_0105","Rodheim","999","Uffenheim","Bayern","II_90"
"142","JH","a'",30,"7","XXI_01_0106","Unternesselbach","999","Neustadt Aisch","Franken","II_90"
"143","JH","a'",31,"8","XXI_01_0107","Rezelsdorf","999","Höchstadt an der Aisch","999","II_90"
"144","JH","a'",33,"6","XXI_01_0108","Neunkirchen a. B.","999","Forchheim","999","II_90"
"145","JH","a'",36,"5","XXI_01_0109","Hartenstein","999","Hersbruck","Mittelfranken","II_114"
"146","JH","a'",37,"4","XXI_01_0110","Vilseck","999","Amberg","Bayrische Ostmark","II_114"
"147","JH","a'",40,"4","XXI_01_0111","Enzenreth-Hochdorf","999","Neustadt W.N.","Niederbayern-Oberpfalz","II_114"
"148","JH","b'",42,"1","XXI_01_0112","Eslarn","999","Vohenstrauss","Gau Bayrisch Ostmark","II_115"
"149","JH","c'",8,"5","XXI_01_0113","Hüttersdorf","999","Saarlautern","Rheinland","II_29"
"150","JH","c'",9,"12","XXI_01_0114","Niederlinxweiler","999","St. Wendel","Saarland","II_29"
"151","JH","c'",11,"21","XXI_01_0115","Hütschenhausen","999","Kaiserslautern","Pfalz","II_29"
"152","JH","c'",13,"8","XXI_01_0116","Kaiserslautern","999","Kaiserslautern","Gau Westmark","II_59"
"153","JH","c'",16,"5","XXI_01_0117","Forst","a. d. Weinstr.","Neustadt a. d. Weinstr.","Pfalz","II_59"
"154","JH","c'",26,"3","XXI_01_0118","Herrrenzimmern","999","Mehrgautheim","Würtemberg","II_92"
"155","JH","c'",32,"11","XXI_01_0119","Ammerndorf","999","Fürt i. Bay.","Franken","II_92"
"156","JH","c'",34,"4","XXI_01_0120","Fischbach","b. Nürnberg","Mittelfranken","Bayern","II_92"
"157","JH","c'",35,"7","XXI_01_0121","Schupf","999","Hersbruck","Mittelfranken","II_115"
"158","JH","c'",37,"3","XXI_01_0122","Illschwang","999","Amberg-Sulzberg","Gau Bay. Ostmark","II_115"
"159","JH","c'",40,"3","XXI_01_0123","Nabburg","999","Oberpfalz","Bayern","II_115"
"160","JH","d'",28,"2","XXI_01_0124","Rothenburg","ob der Tauber","Rothenburg ob der Tauber","Franken","II_93"
"161","JH","d'",30,"2","XXI_01_0125","Neustetten","999","Ansbach","999","II_93"
"162","JH","d'",41,"3","XXI_01_0126","Kulz","999","Neunburg v. Wald","Oberpfalz/Bayern","II_115"
"163","JH","e'",8,"14","XXI_01_0127","Holz","999","Saarbrücken-Land","999","III_1"
"164","JH","e'",10,"1","XXI_01_0128","Kirkel-Neuhäusel","999","Homburg","Gau Saarpfalz","III_1"
"165","JH","e'",12,"6","XXI_01_0129","Maßweiler","999","Zweibrücken","Saarpfalz","III_1"
"166","JH","e'",13,"5","XXI_01_0130","Leimen","999","Pirmasens","Westmark","III_1"
"167","JH","e'",16,"5","XXI_01_0131","Großfischlingen","999","Landau","Saarpfalz","III_1"
"168","JH","e'",25,"5","XXI_01_0132","Künzelsau","999","Künzelsau","Würtemberg","III_18"
"169","JH","e'",30,"6","XXI_01_0133","Elpersdorf","999","Ansbach","999","III_40"
"170","JH","e'",34,"4","XXI_01_0134","Allersberg","999","Hilpoltstein","Franken","III_40"
"171","JH","e'",36,"3","XXI_01_0135","Helena","999","Neumarkt i. d. Obpf.","Ostmark","III_40"
"172","JH","e'",38,"3","XXI_01_0136","Winbuch","999","Oberpfalz","Bayern","III_40"
"173","JH","f'",27,"10","XXI_01_0137","Gailroth","999","Rothenburg/T","Mittelfranken","III_19"
"174","JH","f'",32,"4","XXI_01_0138","Spalt","999","Schwabach","Bayern","III_40"
"175","JH","f'",40,"1","XXI_01_0139","Fischbach","999","888","Oberpfalz","III_40"
"176","JH","f'",42,"5","XXI_01_0140","Untertraubenbach","999","Cham","Niederbayern-Oberpfalz","III_40"
"177","JH","f'",43,"7","XXI_01_0141","Zenching","999","Kötzting","Niederbayern","VI_1"
"178","JH","E'",18,"1","XXI_05_0001","[Rigen]","999","Brilon","Westfalen","II_36"
"179","JH","B'",14,"1","XXI_05_0002","Dinker","999","Soest","Westfalen","II_34"
"180","JH","t'",20,"10","XXI_05_0003","Bölhorst","999","Minden","Westfalen","III_32"
"181","JH","N'",7,"3","XXI_05_0004","Niederberg","999","Euskirchen","Rheinland","II_14"
"182","JH","Z",29,"2","XXI_05_0005","Altenau","i. Harz","Zellerfeld","Hannover","I_30"
"183","JH","u'",15,"4","XXI_05_0006","Achelriede","999","Osnabrück-Land","Hannover","III_13"
"184","JH","t",23,"11","XXI_05_0007","Nienstedt","999","Springe","Hannover","I_27"
"185","JH","t",27,"13","XXI_05_0008","Adenstedt","999","Peine","Hannover","I_27"
"186","JH","t",31,"12","XXI_05_0009","Königslutter","999","Helmstedt","Land Braunschweig","I_40"
"187","JH","t",21,"14","XXI_05_0010","Liekwegen","999","Grafschaft Schaumburg","Hannover","I_27"
"188","JH","t",9,"7","XXI_05_0011","Sieringhoek","999","Bentheim","Hannover","I_26"
"189","JH","t",12,"5","XXI_05_0012","Bevergern","999","Tecklenburg","Westfalen","I_26"
"190","JH","t",14,"3","XXI_05_0013","Hambüren","999","Tecklenburg","Westfalen","I_26"
"191","JH","t",18,"4","XXI_05_0014","Gehlenbeck","999","Lübbecke i. Wstf.","Westfalen","I_26"
"192","JH","u",25,"6","XXI_05_0015","Jeinsen","999","Springe","Hannover","II_61"
"193","JH","u",30,"4","XXI_05_0016","Mascherode","999","Braunschweig","Braunschweig","II_61"
"194","JH","v",8,"2","XXI_05_0017","Lünten","999","Ahaus","Westfalen","II_1"
"195","JH","v",9,"3","XXI_05_0018","Heek","999","Ahaus","Westfalen","II_1"
"196","JH","v",11,"4","XXI_05_0019","Borghorst-Dumpte","999","Steinfurt","Westfalen","II_1"
"197","JH","v",14,"1","XXI_05_0020","Kattenvenne","999","Tecklenburg","Westfalen","II_31"
"198","JH","v",15,"11","XXI_05_0021","Aschendorf","999","Osnabrück-Land","Hannover","II_31"
"199","JH","v",20,"4","XXI_05_0022","Talle","999","Lemgo","Lippe","II_31"
"200","JH","v",22,"5","XXI_05_0023","Hemeringen","999","Hameln-Prymont","Hannover","II_31"
"201","JH","v",24,"7","XXI_05_0024","Bessingen","999","Holzminden","Braunschweig","II_62"
"202","JH","v",28,"12","XXI_05_0025","Binder","999","Marienburg","Hannover","II_62"
"203","JH","v",29,"15","XXI_05_0026","Groß Flöthe","999","Goslar","Hannover","II_62"
"204","JH","v",31,"15","XXI_05_0027","Semmenstadt","999","Wolfenbüttel","Braunschweig","II_62"
"205","JH","w",18,"1","XXI_05_0028","Vilsendorf","999","Bidefeld","Westfalen","II_32"
"206","JH","w",26,"1","XXI_05_0029","Eitzum","999","Alfeld/Leine","Hannover","II_63"
"207","JH","x",10,"5","XXI_05_0030","Harle","999","Coesfeld","Westfalen","II_1"
"208","JH","x",12,"1","XXI_05_0031","Roxel","999","Münster-Land","Westfalen","II_1"
"209","JH","x",14,"6","XXI_05_0032","Everswinkel","999","Warendorf","Westfalen","II_32"
"210","JH","x",15,"3","XXI_05_0033","Beelen","999","Warendorf","Westphalen","II_32"
"211","JH","x",17,"3","XXI_05_0034","Isselhorst","999","Bielefeld","Westfalen","II_32"
"212","JH","x",19,"5","XXI_05_0035","Pivitsheide","999","Detmold","Lippe","II_32"
"213","JH","x",22,"6","XXI_05_0036","Harzberg","999","Höxter","Westfalen","II_32"
"214","JH","x",24,"7","XXI_05_0037","Ruhle","999","Holzminden","Land Braunschweig","II_64"
"215","JH","x",26,"5","XXI_05_0038","Varrigsen","999","Gandersheim","Land Braunschweig","II_64"
"216","JH","x",29,"11","XXI_05_0039","Immenrode","999","Goslar-Land","Braunschweig","II_64"
"217","JH","y",8,"1","XXI_05_0040","Weseke","999","Borken","Westfalen","II_1"
"218","JH","y",28,"4","XXI_05_0041","Lautenthal","999","Zellerfeld","Hannover","II_65"
"219","JH","z",5,"12","XXI_05_0042","Schledenhorst","999","Rees","Rheinland","II_2"
"220","JH","z",13,"4","XXI_05_0043","Altahlen","999","Beckum","Westfalen","II_33"
"221","JH","z",15,"1","XXI_05_0044","Ölde","999","Beckum","Westfalen","II_33"
"222","JH","z",17,"1","XXI_05_0045","Westenholz","999","Paderborn","Westfalen","II_33"
"223","JH","z",21,"8","XXI_05_0046","Erwitzen","999","Höxter","Westfalen","II_33"
"224","JH","z",23,"7","XXI_05_0047","Lüchtringen","999","Höxter","Westfalen","II_65"
"225","JH","z",26,"4","XXI_05_0048","Dörrigsen","999","Einbeck","Hannover","II_65"
"226","JH","G'",19,"9","XXI_05_0049","Goldhausen","Waldeck","Kreis des Eisenbergs","Hessen-Nassau","II_38"
"227","JH","A'",4,"4","XXI_05_0050","Altkalkar","999","Kleve","Rheinprovinz","II_2"
"228","JH","A'",8,"1","XXI_05_0051","Erle","über Hervest-Dorsten","Recklinghausen","Westfalen","II_2"
"229","JH","A'",10,"2","XXI_05_0052","Flaesheim","999","Recklinghausen","Westfalen","II_2"
"230","JH","A'",12,"1","XXI_05_0053","Nordkirchen","999","Lüdinghausen","Westfalen","II_2"
"231","JH","A'",20,"1","XXI_05_0054","Neuenbeken","999","Paderborn","Westfalen","II_34"
"232","JH","A'",28,"1","XXI_05_0055","Förste","999","Osterode","Hannover","II_66"
"233","JH","B'",4,"4","XXI_05_0056","Wemb","Geldern","Geldern","Rheinprovinz","II_3"
"234","JH","B'",6,"7","XXI_05_0057","Borth","999","Moers","Rheinland","II_3"
"235","JH","B'",10,"2","XXI_05_0058","Recklinghausen","999","Recklinghausen","Westfalen","II_3"
"236","JH","B'",16,"8","XXI_05_0059","Weslarn","999","Soest","Westfalen","II_34"
"237","JH","B'",18,"1","XXI_05_0060","Geseke","999","Lippstadt","Westfalen","II_34"
"238","JH","B'",21,"7","XXI_05_0061","Schweckhausen","999","Warburg","Westfalen","II_34"
"239","JH","B'",24,"1","XXI_05_0062","Gieselwerder","999","Hofgeismar","Hessen-Nassau","II_66"
"240","JH","B'",26,"12","XXI_05_0063","Harste","999","Göttingen","Hannover","II_66"
"241","JH","B'",29,"5","XXI_05_0064","Bartolfelde","999","Osterode/Harz","Hannover","II_66"
"242","JH","C'",8,"1","XXI_05_0065","Königshardt","999","Oberhausen","Rheinland","II_4"
"243","JH","C'",12,"4","XXI_05_0066","Dortmund-Derne","999","Dortmund","Westfalen","II_4"
"244","JH","C'",20,"1","XXI_05_0067","Dalheim","999","Warburg","Westfalen","II_35"
"245","JH","C'",28,"1","XXI_05_0068","Bernshausen","999","Duderstadt/Eichsf.","Hannover","II_67"
"246","JH","D'",8,"14","XXI_05_0069","Speldorf","999","Mülheim/Ruhr","Reihnprovinz","II_5"
"247","JH","D'",10,"7","XXI_05_0070","Sundern","999","Bochum","Westfalen","II_5"
"248","JH","D'",14,"9","XXI_05_0071","Oesbern","999","Iserlohn","Westfalen","II_35"
"249","JH","D'",22,"1","XXI_05_0072","Wettesingen","999","Wolfhagen","Hessen-Nassau","II_35"
"250","JH","D'",23,"10","XXI_05_0073","Immenhausen","999","Hofgeismar","Hessen-Nassau","II_68"
"251","JH","D'",26,"6","XXI_05_0074","Dahlenrode","999","Göttingen","Hannover","II_68"
"252","JH","E'",5,"8","XXI_05_0075","Kempen","999","Kempen-Krefeld","Rheinprovinz","II_6"
"253","JH","E'",12,"8","XXI_05_0076","Letmathe","i. W.","Iserlohn","Westfalen","II_6"
"254","JH","E'",16,"1","XXI_05_0077","Freienohl","999","Arnsberg","Westfalen","II_36"
"255","JH","E'",19,"13","XXI_05_0078","Adorf","999","Kreis des Eisenbergs","Hessen-Nassau","II_36"
"256","JH","F'",5,"6","XXI_05_0079","Neersen","999","Kempen-Krefeld","Rheinprovinz","II_7"
"257","JH","F'",8,"12","XXI_05_0080","Hasselbeek","999","Düsseldorf-Mettmann","Rheinprovinz","II_7"
"258","JH","F'",9,"8","XXI_05_0081","Wülfrath","999","Düsseldorf-Mettmann","Rheinprovinz","II_7"
"259","JH","F'",15,"10","XXI_05_0082","Eslohe","999","Meschede","Westfalen","II_37"
"260","JH","F'",17,"11","XXI_05_0083","Siedlinghausen","999","Brilon","Westfalen","II_37"
"261","JH","F'",24,"4","XXI_05_0084","Bergshausen","999","Kassel-Land","Hessen-Nassau","II_70"
"262","JH","F'",26,"10","XXI_05_0085","Hilgershausen","999","Witzenhausen","Hessen-Nassau","II_70"
"263","JH","G'",4,"1","XXI_05_0086","Brüggen","999","Kempen-Krefeld","Rheinland","II_8"
"264","JH","G'",11,"2","XXI_05_0087","Buschhausen","999","Altena","Westfalen","II_8"
"265","JH","G'",13,"6","XXI_05_0088","Ohle","999","Altena","Westfalen","II_38"
"266","JH","G'",22,"3","XXI_05_0089","Sand","999","Wolfhagen","Hessen-Nassau","II_38"
"267","JH","H'",6,"6","XXI_05_0090","Jüchen","999","Grevenbroich.Neuss","999","II_9"
"268","JH","H'",8,"3","XXI_05_0091","Zous","a/Rh","Grevenbroich.Neuss","Rheinland","II_9"
"269","JH","H'",12,"11","XXI_05_0092","Kempershöhe","999","Rhein.Bergischer","Rheinland","II_9"
"270","JH","H'",14,"8","XXI_05_0093","Papiermühle","999","Olpe","Westfalen","II_39"
"271","JH","H'",16,"4","XXI_05_0094","Grafschaft","999","Meschede","Westfalen","II_39"
"272","JH","H'",18,"6","XXI_05_0095","Wunderthausen","999","Wittgenstein","Westfalen","II_39"
"273","JH","H'",20,"5","XXI_05_0096","Louisendorf","999","Frankenberg/Eder","Hessen-Nassau","II_39"
"274","JH","H'",22,"13","XXI_05_0097","Wenzigerode","999","Fritzlar-Homberg","Gau Kurhessen","II_39"
"275","JH","H'",24,"11","XXI_05_0098","Malsfeld","999","Melsungen","Hessen-Nassau","II_72"
"276","JH","J'",3,"8","XXI_05_0099","Oberuch","999","Geilenkirchen","Rheinland","999"
"277","JH","J'",10,"1","XXI_05_0100","Linde","999","Rhein-Bergischer","Rheinprovinz","999"
"278","JH","J'",26,"1","XXI_05_0101","Diemerode","999","Rotenburg","Hessen-Nassau","999"
"279","JH","J'",28,"1","XXI_05_0102","Ifta","999","Eisenach","Thüringen","999"
"280","JH","K'",4,"14","XXI_05_0103","Setterich","999","Geilenkirchen","Rheinland","II_11"
"281","JH","K'",6,"2","XXI_05_0104","Kirchtroisdorf","999","Bergheim","Rheinland","II_11"
"282","JH","K'",8,"3","XXI_05_0105","Junkersdorf","<am Rand Kölns>","Köln","Rheinland","II_11"
"283","JH","K'",10,"10","XXI_05_0106","Forsbach","999","Rhein-Berg","Rhein","II_11"
"284","JH","K'",14,"3","XXI_05_0107","Wenden","999","Olpe","Westfalen","II_41"
"285","JH","K'",15,"7","XXI_05_0108","Brauersdorf","999","Siegen","Westfalen","II_41"
"286","JH","K'",17,"8","XXI_05_0109","Wallau","999","Biedenkopf","Hessen-Nassau","II_41"
"287","JH","K'",21,"5","XXI_05_0110","Sebbeterode","999","Ziegenhain","Hessen-Nassau","II_41"
"288","JH","K'",25,"11","XXI_05_0111","Meckbach","999","Hersfeld","Hessen-Nassau","II_74"
"289","JH","L'",11,"3","XXI_05_0112","Much","999","Siegkreis","Rheinland","II_12"
"290","JH","L'",19,"12","XXI_05_0113","Oberrosphe","999","Marburg","Hessen-Nassau","II_42"
"291","JH","L'",23,"9","XXI_05_0114","Oberaula","999","Ziegenhain","Hessen-Nassau","II_75"
"292","JH","M'",3,"11","XXI_05_0115","Brand","999","Aachenland","Rheinland","II_13"
"293","JH","M'",5,"18","XXI_05_0116","Niederau","999","Düren","Rheinland","II_13"
"294","JH","M'",11,"9","XXI_05_0117","Alzenbach","999","Siegkreis","Rheinprovinz","II_13"
"295","JH","M'",25,"11","XXI_05_0118","Eiterfeld","999","Hünfeld","Hessen-Nassau","II_76"
"296","JH","N'",9,"4","XXI_05_0119","Witterschlick","999","Bonn_Land","Rheinland","II_14"
"297","JH","999",999,"999","XXI_04_0066","Kuneschhau","999","Kremnitz","Slowakai","999"
"298","JH","999",999,"999","XXI_04_0067","Johs.-Berg","999","Kremnitz","Slowakei","999"
"299","JH","999",999,"999","XXI_04_0068","Blaufuß","999","Kremnitz","Slowakei","999"
"300","JH","999",999,"999","XXI_04_0069","Kremnitz","999","Kremnitz-Deutschproben","Slowakei","999"
"301","JH","999",999,"999","XXI_04_0070","Deutsch-Litta","999","Kremnitz","Slowakei","999"
"302","JH","999",999,"999","XXI_04_0071","Honneshau","999","Kremnitz","Slowakei","999"
"303","JH","999",999,"999","XXI_04_0072","Radobitz","999","Hochwies","Slowakei","999"
"304","JH","999",999,"999","XXI_04_0073","Drexlerhäu","999","Kremnitz","Slowakei","999"
"305","JH","999",999,"999","XXI_04_0074","Groß-Riegnan","999","Tscherman","Slowakei","999"
"306","JH","999",999,"999","XXI_04_0075","Hochwies","999","Priewitz-Deutschproben/Königsberg","Slowakai","999"
"307","JH","999",999,"999","XXI_04_0076","Hochwies-Reichberg","999","Priewitz","Slowakei","999"
"308","JH","999",999,"999","XXI_04_0077","Hochwies-Müller","999","Priewitz","Slowakei","999"
"309","JH","999",999,"999","XXI_04_0078","Hochwies-Goma","999","Priewitz","Slowakei","999"
"310","JH","999",999,"999","XXI_04_0079","Paulisch","999","Hochwies","Slowakei","999"
"311","JH","999",999,"999","XXI_04_0080","Tscherman","999","Hochwies","Slowakei","999"
"312","FS","S",46,"3","Mappe_03_0001","Chie[?][k]ow","999","Rügen","Pommern","IV_1"
"313","FS","S",46,"1","Mappe_03_0002","Waase","999","Rügen","Pommern","IV_1"
"314","FS","S",47,"4","Mappe_03_0003","Ramitz","999","Rügen","Pommern","IV_1"
"315","FS","T",47,"2","Mappe_03_0004","Sehlen","999","Rügen","Pommern","IV_1"
"316","FS","U",47,"2","Mappe_03_0005","Garz {handschriftlich steht auf Seite 1 Wendorf, dazu dann aber die Anmerkung <Wendorf hat keine Schule>, auf Seite 4 steht klar Garz}","999","Rügen","Pommern","IV_1"
"317","FS","S",47,"5","Mappe_03_0006","Patzig","999","Rügen","Pommern","IV_1"
"318","FS","R",48,"6","Mappe_03_0007","Promoisel","b. Sagard","Rügen","Pommern","IV_1"
"319","FS","T",49,"5","Mappe_03_0008","Altreddevitz","999","Rügen","Pommern","IV_1"
"320","FS","R",46,"2","Mappe_03_0009","Trent","999","Rügen","Pommern","IV_1"
"321","FS","Q",45,"1","Mappe_03_0010","Kloster","a. Hiddensee","Rügen","Pommern","IV_1"
"322","FS","R",45,"3","Mappe_03_0011","Schaprode","999","Rügen <Pommern>","Pommern","IV_1"
"323","FS","U",47,"3","Mappe_03_0012","Dumsevitz","b/Garz","Rügen","Pommern","IV_1"
"324","FS","T",45,"6","Mappe_03_0013","Altefähr","999","Rügen","Pommern","IV_1"
"325","FS","Q",46,"4","Mappe_03_0014","Bischofsdorf","999","Rügen <Rgbg. Stettin>","Pommern","IV_1"
"326","FS","Q",46,"5","Mappe_03_0015","Cammin","auf Witto[w]","Rügen","Pommern","IV_1"
"327","FS","S",47,"3","Mappe_03_0016","Ralswick","999","Rügen","Pommern","IV_1"
"328","FS","Q",47,"3","Mappe_03_0017","Altenkirchen","999","Rügen","Pommern","IV_1"
"329","FS","Q",46,"2","Mappe_03_0018","Banz","999","Rügen","Pommern","IV_1"
"330","FS","Q",47,"1","Mappe_03_0019","Breege","999","Rügen","Pommern","IV_1"
"331","FS","U",49,"1","Mappe_03_0020","Groß-Zicker <Post Thießow Rügen>","999","Rügen","Pommern","IV_1"
"332","FS","U",47,"5","Mappe_03_0021","Zicker","999","Rügen","Pommern","IV_1"
"333","FS","Q",46,"1","Mappe_03_0022","Dranske","999","Rügen","Pommern","IV_1"
"334","FS","U",47,"4","Mappe_03_0023","Zudar","999","Rügen","Pommern","IV_1"
"335","FS","U",46,"4","Mappe_03_0024","Ueselitz","Rügen","Rügen","Pommern","IV_1"
"336","FS","T",48,"6","Mappe_03_0025","Neu-Reddevitz","999","Rügen","Pommern","IV_1"
"337","FS","T",46,"2","Mappe_03_0026","Rothenkirchen","999","Rügen","Pommern","IV_1"
"338","FS","T",45,"5","Mappe_03_0027","Bessin","999","Rügen","Pommern","IV_1"
"339","FS","T",46,"1","Mappe_03_0028","Rambin","999","Rügen","Pommern","IV_1"
"340","FS","T",48,"5","Mappe_03_0029","Seedorf","999","Rügen","Pommern","IV_1"
"341","FS","T",48,"1","Mappe_03_0030","Vilmnitz","999","Rügen","Pommern","IV_1"
"342","FS","T",49,"4","Mappe_03_0031","Middelhagen","999","Rügen","Pommern","IV_1"
"343","FS","T",49,"2","Mappe_03_0032","Thiessow","999","Rügen","Pommern","IV_1"
"344","FS","T",49,"3","Mappe_03_0033","Göhren","Rügen","Rügen","Pommern","IV_1"
"345","FS","P",47,"1","Mappe_03_0034","Putgarten","Post Altenkirchen","Rügen","Pommern","IV_1"
"346","FS","T",48,"2","Mappe_03_0035","Zirkow","999","Rügen","Pommern","IV_1"
"347","FS","U",46,"1","Mappe_03_0036","Jarkwitz","999","Rügen","Pommern","IV_1"
"348","FS","T",48,"3","Mappe_03_0037","Binz","999","Rügen","Pommern","IV_1"
"349","FS","U",46,"5","Mappe_03_0038","Swantow","999","Rügen","Pommern","IV_1"
"350","FS","T",47,"1","Mappe_03_0039","Gr. Kubbelkow","999","Rügen","Pommern","IV_1"
"351","FS","S",46,"2","Mappe_03_0040","Varbelvitz","b Gingst","Rügen","Pom¯","IV_1"
"352","FS","R",47,"2","Mappe_03_0041","Bubkewitz","999","Rügen","Pommern","IV_1"
"353","FS","R",48,"5","Mappe_03_0042","Sagard","999","Rügen","Pommern","IV_1"
"354","FS","S",46,"4","Mappe_03_0043","Gingst","999","Rügen","Pommern","IV_1"
"355","FS","R",48,"3","Mappe_03_0044","Bobbin","999","Rügen","Pommern","IV_1"
"356","FS","Q",46,"3","Mappe_03_0045","Wiek","999","Rügen","Pommern","IV_1"
"357","FS","T",47,"6","Mappe_03_0046","Putbus","999","Rügen","Pommern","IV_1"
"358","FS","U",47,"2","Mappe_03_0047","Garz  ","Rügen","Rügen <Pommern>","Pommern","IV_1"
"359","FS","S",46,"6","Mappe_03_0048","Volkshagen","999","Rügen","Pommern","IV_1"
"360","FS","T",47,"4","Mappe_03_0049","Kniepow","999","Rügen","Pommern","IV_1"
"361","FS","S",47,"8","Mappe_03_0050","Bergen","999","Rügen","Pommern","IV_1"
"362","FS","R",45,"2","Mappe_03_0051","Neuendorf","Insel Hiddensee","Rügen","Pommern","IV_1"
"363","FS","T",46,"7","Mappe_03_0052","Landow","999","Rügen","Pommern","IV_1"
"364","FS","S",47,"2","Mappe_03_0053","Lühsmitz {auf der ersten Seite Lüssmitz} {heute Lüßmitz}","999","Rügen","Pommern","IV_1"
"365","FS","U",46,"3","Mappe_03_0054","Poseritz","999","Rügen","Pommern","IV_1"
"366","FS","R",47,"1","Mappe_03_0055","Glowe","999","Rügen","Pommern","IV_1"
"367","FS","S",46,"7","Mappe_03_0056","Gagern","999","Rügen","Pommern","IV_1"
"368","FS","T",47,"3","Mappe_03_0057","Mölle Medow","999","Rügen","Pommern","IV_1"
"369","FS","T",48,"4","Mappe_03_0058","Lanken-Granitz","999","Rügen","Pommern","IV_1"
"370","FS","R",48,"2","Mappe_03_0059","Hagen-Jasmund","999","Rügen","Pommern","IV_1"
"371","FS","T",46,"8","Mappe_03_0060","Dreschwitz","999","Rügen","Pommern","IV_1"
"372","FS","T",46,"6","Mappe_03_0061","Samtens","999","Rügen","Pommern","IV_1"
"373","FS","R",46,"1","Mappe_03_0062","Neuenkirchen","999","Rügen","Pommern","IV_1"
"374","FS","U",46,"2","Mappe_03_0063","Gustow","999","Rügen","Pommern","IV_1"
"375","FS","R",48,"1","Mappe_03_0064","Nipmerow","999","Rügen","Pommern","IV_1"
"376","FS","N",16,"1","XXI_02_0001","Westerland","Sylt","Südtondern","Schleswig-Holstein","I_1"
"377","FS","O",20,"5","XXI_02_0002","Lindholm","999","Südtondern","Schlesw.-Holstein","I_1"
"378","FS","O",22,"5","XXI_02_0003","Meyn","999","Flensburg-Land","Schleswig-Holstein","I_1"
"379","FS","O",24,"6","XXI_02_0004","Schwensby","999","Flensburg-Land <Reg. Bez.: Schleswig>","Gau Nordmark <Schleswig-Holst >","I_1"
"380","FS","O",26,"1","XXI_02_0005","Keppelbeck","999","Flensburg","Schlews. Holst.","I_1"
"381","FS","P",18,"2","XXI_02_0006","Övenum","a/Föhr","Südtondern","Schleswig-Holstein","I_1"
"382","FS","Q",20,"6","XXI_02_0007","Soph.-Magd Koog <Sophien-Magdalenen->","999","Husum","Schleswig-Holstein","I_2"
"383","FS","Q",22,"1","XXI_02_0008","Kollund","999","Husum","Schleswig-Holstein","I_2"
"384","FS","Q",24,"8","XXI_02_0009","Idstedt","999","Schleswig","Schleswig-Holstein","I_2"
"385","FS","Q",26,"12","XXI_02_0010","Sieseb[y¨]","999","Eckernförde","Schleswig-Holstein","I_2"
"386","FS","R",18,"1","XXI_02_0011","Hallig Hooge","999","Husum","Schleswig-Holstein","I_2"
"387","FS","S",24,"5","XXI_02_0012","Boklund","999","Eckernförde","Schleswig-Holstein","I_3"
"388","FS","S",26,"4","XXI_02_0013","Altenhof","999","Eckernförde","Schleswig-Holstein","I_3"
"389","FS","S",27,"6","XXI_02_0014","Dänischenhagen","999","Eckernförde","Schl.-Holstein","I_3"
"390","FS","S",29,"1","XXI_02_0015","Wisch","999","Plön","Schleswig-Holstein","I_3"
"391","FS","S",34,"6","XXI_02_0016","Burg","a. Fehmarn","Oldenburg","Schleswig-Holstein","I_3"
"392","FS","T",20,"1","XXI_02_0017","Warmhörn, Siewersfleth","999","Eiderstedt","Schleswig-Holstein","I_3"
"393","FS","T",21,"4","XXI_02_0018","Ramstedt","999","Husum","Schleswig-Holstein","I_3"
"394","FS","U",23,"3","XXI_02_0019","Hohn","999","Rendsburg <Schlesw.-Holstein>","Schleswig Holstein","I_4"
"395","FS","U",25,"8","XXI_02_0020","Hassmoor","999","Rendsburg  ","Schleswig-Holstein","I_4"
"396","FS","U",27,"8","XXI_02_0021","Wellsee","999","Plön","Schleswig-Holstein","I_4"
"397","FS","U",30,"5","XXI_02_0022","Kühren","b/Lütjenburg","Plön","Schlesw.-Holstein","I_4"
"398","FS","V",14,"1 <b>","XXI_02_0023","Helgoland","999","Kreis Pinneberg","Schleswig-Holstein","I_5"
"399","FS","V",20,"1","XXI_02_0024","Hillgroven","999","Norderdithmarschen","Schleswig-Holstein","I_5"
"400","FS","V",21,"4","XXI_02_0025","Süderheistedt","999","Norderdithmarschen","Schleswig-Holstein","I_5"
"401","FS","V",32,"5","XXI_02_0026","Kabelhorst <Schule Schwienkuhl>","999","Oldenburg i/Holst.","Schleswig-Holstein","I_5"
"402","FS","W",23,"9","XXI_02_0027","Seefeld","999","Rendsburg","Schleswig-Holstein","I_6"
"403","FS","W",25,"8","XXI_02_0028","Böken","999","Rendsburg","Schl. Holstein","I_6"
"404","FS","W",30,"6","XXI_02_0029","Liensfeld","999","Eutin","Schleswig Holstein","I_6"
"405","FS","W",32,"5","XXI_02_0030","Rettin","Neustadt i. Holst.","Oldenburg","Schleswig-Holstein","I_6"
"406","FS","X",21,"12","XXI_02_0031","Farnewinkel","999","Süderdithmarschen","Schleswig-Holstein","I_6"
"407","FS","X",28,"1","XXI_02_0032","Bornhöved","999","Segeberg","Schleswig-Holstein","I_6"
"408","FS","Y",20,"4","XXI_02_0033","Kaiser Wilhelm Koog","999","Süderdithmarschen <Amtsbez. Kronprinzenkoog Schlesw.- Holst>","Schleswig-Holstein","I_7"
"409","FS","Y",21,"10","XXI_02_0034","Eddelak","999","Süderdithmarschen","Schleswig-Holstein","I_7"
"410","FS","Y",23,"14","XXI_02_0035","Wilster","999","Steinburg","Schlesw.-Holstein","I_7"
"411","FS","Y",26,"5","XXI_02_0036","Hitzhusen","999","Segeberg","Schlesw.-Holst.","I_7"
"412","FS","Y",31,"12","XXI_02_0037","Kreutzkamp","999","Eutin","Schleswig Holstein","I_29"
"413","FS","Z",17,"1","XXI_02_0038","Neuwerk","Insel  ","Cuxhaven","Hannover","I_7"
"414","FS","Z",28,"6","XXI_02_0039","Bebensee","999","Seheberg","Schleswig-Holstein","I_7"
"415","FS","Z",30,"2","XXI_02_0040","Mönkhagen","999","Stormarn","Schlesw. Holstein","I_30"
"416","FS","a",13,"1","XXI_02_0041","Spiekeroog","999","Wittmund","Hannover","I_8"
"417","FS","a",20,"2","XXI_02_0042","Otterdorf","999","Land Hadeln","Hannover","I_8"
"418","FS","a",22,"9","XXI_02_0043","Hasenfleth","999","Land Hadeln","Hannover","I_8"
"419","FS","a",23,"8","XXI_02_0044","Strohdeich","999","Steinburg","Schlesw.-Holstein","I_8"
"420","FS","a",26,"4","XXI_02_0045","Hemdingen","999","Pinneberg","Schleswig-Holstein","I_8"
"421","FS","b",9,"1","XXI_02_0046","Nordseebad Norderney","999","Norden","Hannover","I_9"
"422","FS","b",11,"2","XXI_02_0047","Langeoog","999","Wittmund","Hannover","I_9"
"423","FS","b",18,"9","XXI_02_0048","Misselwarden","999","Wesermünde","Hannover","I_9"
"424","FS","b",28,"1","XXI_02_0049","Jersbeck","999","Stormarn","Schl-Holstein","I_9"
"425","FS","b",30,"1","XXI_02_0050","Siebenbäumen","999","Herzogtum Lauenburg","Schleswig-Holstein","I_32"
"426","FS","c",10,"8","XXI_02_0051","Norden","999","Norden","999","I_10"
"427","FS","c",11,"1","XXI_02_0052","Nesse","999","Norden","[H]annover {stehen tut da eher Aannover}","I_10"
"428","FS","c",19,"7","XXI_02_0053","Alfstedt","999","Wesermünde","Hannover","I_10"
"429","FS","c",22,"14","XXI_02_0054","Brobergen","999","Stade","Hannover","I_10"
"430","FS","c",23,"10","XXI_02_0055","Stade-Campe","999","Stade","Hannover","I_10"
"431","FS","c <rote 199 davor>",26,"7","XXI_02_0056","Hamburg Eidelstedt","999","Hamburg 7.","–","999"
"432","FS","c",27,"9","XXI_02_0057","Hamburg-Rahlstedt","999","10.","<früher Holstein>","I_10"
"433","FS","c",31,"7","XXI_02_0058","Hollenbek","999","Herz. Lauenburg","Schleswig-Holstein","I_32"
"434","FS","d",13,"3","XXI_02_0059","Wittmund","999","Wittmund","Hannover","I_11"
"435","FS","d",15,"2","XXI_02_0060","Kniphausersiel {auf 4. Seite <aufgehoben> }","999","Wilhelmshaven","Land Oldenburg","I_11"
"436","FS","d",17,"3","XXI_02_0061","Tettens","über Nordenham","Wesermarsch","Oldenburg","I_11"
"437","FS","d",30,"2","XXI_02_0062","Talkau","999","Hrzgt. Lauenburg","Schleswig Holstein","I_33"
"438","FS","e",9,"5","XXI_02_0063","Uttum","999","Norden","Hannover","I_12"
"439","FS","e",19,"7","XXI_02_0064","Beverstedt","999","Wesermünde","Hannover","I_12"
"440","FS","e",22,"5","XXI_02_0065","Plönjeshausen","999","Bremervörde <Regbz. Stade>","Hannover","I_12"
"441","FS","f",12,"4","XXI_02_0066","Spetzerfehn","999","Aurich","Hannover","I_13"
"442","FS","f",13,"1","XXI_02_0067","Bentstreek","999","Wittmund","Hannover","I_13"
"443","FS","f",15,"5","XXI_02_0068","Obenstrohe","999","Friesland","Oldenburg","I_13"
"444","FS","f",17,"6","XXI_02_0069","Alse","999","Wesermarsch","Oldenburg","I_13"
"445","FS","f",24,"4","XXI_02_0070","Regesbostel","999","Harburg","Hannover","I_13"
"446","FS","f",26,"1","XXI_02_0071","Westerhof","999","Harburg","Hannover","I_13"
"447","FS","f <lilane 291 davor>",28,"1","XXI_02_0072","Zollenspieker","Homburg Kirch[w]ä[r]der 2","Hombrg Kreis 9","–","999"
"448","FS","f",30,"1","XXI_02_0073","Juliusburg","999","Lauenburg","Schleswig-Holstein","I_34"
"449","FS","g",23,"7","XXI_02_0074","Hamersen","999","Bremervörde  ","Hannover","I_14"
"450","FS","h",12,"1","XXI_02_0075","Logabirum¯","999","Leer","Hannover","I_15"
"451","FS","h",14,"1","XXI_02_0076","Westerloy","999","Ammerland","Oldenburg","I_15"
"452","FS","h",16,"1","XXI_02_0077","Rastede","999","Ammerland Gau Weser-Ems","Oldenburg","I_15"
"453","FS","h",17,"2","XXI_02_0078","Elsfleth","a. W.","Wesermarsch","Freistaat Oldenburg","I_15"
"454","FS","h",19,"1","XXI_02_0079","Scharmbeckstotel","999","Osterholz","Hannover","I_15"
"455","FS","h",21,"1","XXI_02_0080","Kirchtimke","999","Bremervörde <Reg. Bez. Stade>","Hannover","I_15"
"456","FS","h",25,"3","XXI_02_0081","Handeloh","999","Harburg","Hannover","I_15"
"457","FS","h",27,"5","XXI_02_0082","Egestorf","999","Harburg <Reg. Bez.Lüneburg>","Hannover","I_15"
"458","FS","h",29,"5","XXI_02_0083","Wendisch Evern","999","Lüneburg","Hannover","I_35"
"459","FS","h",31,"2","XXI_02_0084","Barskamp","999","Lüneburg","Hannover","I_35"
"460","FS","i",12,"1","XXI_02_0085","Glansdorf","999","Leer i/Ostfriesland","Hannover","I_16"
"461","FS","i",15,"2","XXI_02_0086","Achtanm[e]r","999","über Oldenburg Post Westerholt","Oldenburg","I_16"
"462","FS","i",22,"5","XXI_02_0087","Stuckenborstel","999","Rotenburg","Hannover","I_16"
"463","FS","i",23,"5","XXI_02_0088","Hemsbünde","999","Rotenburg Hann","Hannover","I_16"
"464","FS","i",30,"4","XXI_02_0089","Jelmstorf","999","Uelzen","Hannover","I_35"
"465","FS","k",10,"2","XXI_02_0090","Aschendorf","Ems","Aschendorf-Hümmling","Hannover","I_17"
"466","FS","k",18,"9","XXI_02_0091","Ganderkesee","999","Oldenburg","999","I_17"
"467","FS","k",20,"2","XXI_02_0092","Habenhausen","a/Bremen","Bremen Landgebiet","Land Bremen","I_17"
"468","FS","k",25,"1","XXI_02_0093","Schwalingen","999","Soltau","Hannover","I_17"
"469","FS","k",28,"1","XXI_02_0094","Lopau","999","Uelzen <Reg- Bez. Lüneburg>","Hannover","I_17"
"470","FS","k",31,"2","XXI_02_0095","Stoelze","999","Uelzen","Hannover","I_36"
"471","FS","k",33,"5","XXI_02_0096","Wibbese","999","Danneberg","Hannover","I_36"
"472","FS","l",25,"5","XXI_02_0097","Fuhrhop","999","Fallingborstel","Hannover","I_18"
"473","FS","l",31,"5","XXI_02_0098","Dalldorf","999","Uelzen","Hannover","I_36"
"474","FS","l",33,"[8] {könnte auch eine hässliche 5 sein}","XXI_02_0099","Wustrow","999","Dammeberg","Hannover","I_36"
"475","FS","m",10,"1","XXI_02_0100","Neusustrum","über Lathen Ems","Aschendorf-Hümmling","Hannover","I_19"
"476","FS","m",12,"1","XXI_02_0101","Börger","999","Aschendorf-Hümmling","Hannover","I_19"
"477","FS","m",13,"1","XXI_02_0102","Neumarkhausen","999","Cloppenburg","Oldenburg","I_19"
"478","FS","m",16,"1","XXI_02_0103","Lethe","999","Oldenburg-Land","Land Oldenburg","I_19"
"479","FS","m",18,"2","XXI_02_0104","Harpstedt","999","Grafschaft Hoya {auf der 1. Seite steht Diepholz}","Hannover","I_19"
"480","FS","m",20,"1","XXI_02_0105","Syke","999","Grafschaft Hoya  ","Hannover","I_19"
"481","FS","m",21,"3","XXI_02_0106","Oiste","999","Verden","Hannover","I_19"
"482","FS","m",23,"4","XXI_02_0107","Idsingen","999","Fallingborstel","Hannover","I_19"
"483","FS","m",27,"2","XXI_02_0108","Poitzen","999","Celle","Hannover","I_19"
"484","FS","m",29,"1","XXI_02_0109","Holxen","999","Uelzen","Hannover","I_37"
"485","FS","n",11,"2","XXI_02_0110","Kl.-Berssen","999","Meppen","Hannover","I_20"
"486","FS","n",13,"6","XXI_02_0111","Benstrup","999","Cloppenburg","Land: Oldenburg","I_20"
"487","FS","n",16,"4","XXI_02_0112","Schwichteler","Gem. Cappeln","Cloppenburg","Oldenburg","I_20"
"488","FS","n",18,"4","XXI_02_0113","Bockstedt","999","Grafschaft Diepholz","Hannover","I_20"
"489","FS","o",10,"2","XXI_02_0114","Versen","999","Meppen","Hannover","I_21"
"490","FS","o",19,"2","XXI_02_0115","Schwaförden","999","Grafsch. Diepholz","Hannover","I_21"
"491","FS","o",22,"1","XXI_02_0116","Balge","999","Nienburg/Weser","Hannover","I_21"
"492","FS","o",24,"11","XXI_02_0117","Hademstorf","999","Fallingborstel","Hannover","I_21"
"493","FS","o",26,"1","XXI_02_0118","Meißendorf","999","Celle <Rgbz. Lüneburg>","Hannover","I_21"
"494","FS","o",27,"2","XXI_02_0119","Scheuen","999","Celle","Hannover","I_21"
"495","FS","o",29,"2","XXI_02_0120","Bargfeld <Schulort Eldingen> {nur Bargfeld auf der 1. Seite, auf 4.: {Schulort} Eldingen, <Ort> Bargfeld}","999","Celle","Hannover","I_38"
"496","FS","p",7,"3","XXI_02_0121","Echtelerfeld","999","Bentheim","Hannover","I_22"
"497","FS","p",11,"6","XXI_02_0122","Gross-Bawinkel","999","Lingen","Hannover","I_22"
"498","FS","p",13,"6","XXI_02_0123","Hekese","999","Belsenbrück {steht nicht auf der 4. seite im Feld, nur vorn}","Hannover","I_22"
"499","FS","p",15,"6","XXI_02_0124","Grönloh","999","Bersenbrück","Hannover","I_22"
"500","FS","p",17,"5","XXI_02_0125","Rehden","999","Grafsch. Diepholz","Hannover","I_22"
"501","FS","p",19,"3","XXI_02_0126","Scherringhausen","999","Nienburg/Weser","Hannover","I_22"
"502","FS","p",21,"9","XXI_02_0127","Leeseringen","999","Nienburg-Weser","Hannover","I_22"
"503","FS","p",23,"11","XXI_02_0128","Bühren","999","Neustadt a/[Rbge}","Hannover","I_22"
"504","FS","q",9,"5","XXI_02_0129","Wietmarschen","999","Bentheim","Hannover","I_23"
"505","FS","q",26,"1","XXI_02_0130","Fuhrberg","999","Burgdorf","Hannover","I_23"
"506","FS","q",28,"1","XXI_02_0131","Wienhausen","999","Celle","Hannover","I_23"
"507","FS","q",30,"2","XXI_02_0132","Kästorf","999","Gifhorn","Hannover","I_39"
"508","FS","q",32,"1","XXI_02_0133","Bergfeld","999","Helmstadt","Land Braunschweig","I_39"
"509","FS","r",11,"7","XXI_02_0134","Beesten","999","Lingen","Hannover","I_24"
"510","FS","r",14,"7","XXI_02_0135","Neuenkirchen","999","Bersenbrück","Hannover","I_24"
"511","FS","r",17,"9","XXI_02_0136","Wehdem","999","L[ü]bbecke","Westfalen","I_24"
"512","FS","r",20,"10","XXI_02_0137","Schamerloh","999","Nienburg a/W","Hannover","I_24"
"513","FS","r",22,"5","XXI_02_0138","Münchehagen","999","Nienburg-[Ki]eser","Hannover","I_24"
"514","FS","r",23,"8","XXI_02_0139","Luthe","999","Neustadt a/Rbge Hannover","Hannover Preußen","I_24"
"515","FS","r",25,"7","XXI_02_0140","Hannover-Bothfeld","999","Hannover","Hannover","I_24"
"516","FS","s",10,"1","XXI_02_0141","Engden","999","Bentheim","Hannover","I_25"
"517","FS","s",16,"1","XXI_02_0142","Niewedde","999","Wittlage","Hannover","I_25"
"518","FS","s",28,"1","XXI_02_0143","Dollbergen","999","Burgdorf","Hannover","I_25"
"519","FS","s",32,"1","XXI_02_0144","Hehlingen","999","Gifhorn {nur auf seite 1, auf seite 4: Grenze zwischen Altmark + Heide}","Hannover <kürzlich zu> Hannover, <vorher Prov.> Sachsen","I_40"
"520","FS","s",30,"2","XXI_02_0145","Meine","999","Gifhorn","Hannover","I_40"
"521","FS","b''",34,"1","XXI_03_0001","Mittenwald","999","Garmisch-Partenkirchen","Oberbayern","III_56"
"522","FS","g'",13,"3","XXI_03_0002","Dahn","999","Pirmasens","Westmark","III_3"
"523","FS","g'",16,"11","XXI_03_0003","Neupotz","Saarpfalz","Germersheim","Saarpfalz","III_3"
"524","FS","g'",22,"6","XXI_03_0004","Talheim","999","Heilbron¯","Württembg.","III_20"
"525","FS","g'",23,"15","XXI_03_0005","Finsterrot","999","Schwäb. Hall","Land: Württemberg","III_20"
"526","FS","g'",26,"8","XXI_03_0006","Vellberg","999","Hall {auf der 1. Seite: Schwäbisch-Hall}","Gau Württemberg","III_20"
"527","FS","g'",30,"4","XXI_03_0007","Ehingen","999","Dinkelsbühl","Mittelfranken","III_41"
"528","FS","g'",43,"7","XXI_03_0008","Prackenbach","999","Viechtach","Niederbayern","VI_1"
"529","FS","h'",28,"10","XXI_03_0009","Dinkelsbühl","999","Dinkelsbühl","Bayern, Gau Franken","III_21"
"530","FS","h'",31,"5","XXI_03_0010","Sammenheim","999","Gunzenhausen","Mittelfranken","III_42"
"531","FS","h'",34,"2","XXI_03_0011","Ruppmannsburg","999","Hilpoltstein","Mittelfranken","III_42"
"532","FS","h'",36,"3","XXI_03_0012","Dietfurt","999","Oberpfalz","999","III_42"
"533","FS","h'",38,"2","XXI_03_0013","Pielenhofen","999","Regensburg","Oberpfalz b. Ostmark","III_42"
"534","FS","h'",40,"1","XXI_03_0014","Wenzenbach","999","Niederb[ä]yern Oberpfalz","<Umgeburg von> Regensburg <12 km nördlich v. Rgbg.>","III_42"
"535","FS","h'",41,"4","XXI_03_0015","Rettenbach","999","Oberpf.","Bayern  ","III_42"
"536","FS","h'",45,"2","XXI_03_0016","Bodenmais","999","Regen  ","Niederbayern","VI_1"
"537","FS","i'",24,"9","XXI_03_0017","Oberweissach","999","Backnang","Land Württemberg","III_22"
"538","FS","i'",26,"7","XXI_03_0018","Untergröningen","999","Schw. Gmünd","Württemberg","III_22"
"539","FS","i'",28,"3","XXI_03_0019","Killingen","999","[A]alen","Württemberg","III_22"
"540","FS","i'",29,"14","XXI_03_0020","Maihingen","999","Nördlingen","Schwaben","III_43"
"541","FS","i'",35,"7","XXI_03_0021","Zandt","999","Eichstätt {steht auf seite 4 nicht an richtiger stelle, aber auf seite 1 eindeutig}","Mittelfranken","III_43"
"542","FS","i'",38,"2","XXI_03_0022","Kelheim","999","Kelheim","Altbayern","III_43"
"543","FS","i'",39,"13","XXI_03_0023","Thalmassing","999","Regensburg","[Nie?????] Oberpfalz  ","III_43"
"544","FS","i'",42,"7","XXI_03_0024","Niederm[o]tzing","999","Niederbayern","Straubing-Land","III_43"
"545","FS","k'",20,"2","XXI_03_0025","Pinache","999","Vaihingen/Enz","Württemberg","III_23"
"546","FS","k'",22,"3","XXI_03_0026","Eglosheim","999","Ludwigsburg","Württemberg","III_23"
"547","FS","k'",32,"1","XXI_03_0027","Gundelsheim","999","Donauwörth","999","III_44"
"548","FS","k'",33,"7","XXI_03_0028","Obereichstätt","999","Eichstätt U. Fr.","Bayern","III_44"
"549","FS","k'",44,"1","XXI_03_0029","Aschenau","999","Deggendorf","Bay.-Ostmark","VI_2"
"550","FS","k'",46,"1","XXI_03_0030","Kirchberg","999","Regen","Bayrischer Wald","VI_2"
"551","FS","k'",47,"5","XXI_03_0031","Neuschönau","999","Segen-Grafenau","Bayer. Ostmark","VI_2"
"552","FS","l'",23,"17","XXI_03_0032","Thomashardt","999","Eßlingen","Württemberg","III_24"
"553","FS","l'",25,"13","XXI_03_0033","Waldstetten","999","Gmünd","Württemberg","III_24"
"554","FS","l'",27,"4","XXI_03_0034","Ochsenberg","999","Heidenheim Br.","Württemberg","III_24"
"555","FS","l'",29,"12","XXI_03_0035","Bollstadt","999","Nördlingen","Bayern","III_45"
"556","FS","l'",32,"7","XXI_03_0036","Hafenreut","999","Donauwörth","Schwaben","III_45"
"557","FS","l'",34,"10","XXI_03_0037","Unterstall","999","Neuburg a. D.","Schwaben","III_45"
"558","FS","l'",35,"9","XXI_03_0038","Feldkirchen","b. Ingolst./Donau","Ingolstadt-München","Oberbayern","III_45"
"559","FS","l'",38,"4","XXI_03_0039","Siegenburg","999","Kelheim","Niederbayern","III_45"
"560","FS","l'",40,"6","XXI_03_0040","Oberlindhart","999","Mallersdorf","Reg. Bez. Nied[l].-Oberpf","III_45"
"561","FS","l'",41,"10","XXI_03_0041","Buchhausen","999","Dingolfing","Bayrische Ostmark","III_45"
"562","FS","l'",43,"8","XXI_03_0042","Otzing","999","Deggendorf Niederbayern","Niederb[yer]","VI_3"
"563","FS","l'",46,"5","XXI_03_0043","Ranfels","999","Regen-Grafenau","Niederbayern","VI_3"
"564","FS","m'",18,"1","XXI_03_0044","wildbad","i. Schw.","Calw","Württemberg","III_25"
"565","FS","m'",22,"16","XXI_03_0045","Degerloch {Stuttgart Degerloch auf seite 4}","999","Stuttgart","Württemberg","III_25"
"566","FS","m'",47,"3","XXI_03_0046","Atzeldorf","999","Wolfstein","Hinderbayern","VI_3"
"567","FS","m'",49,"5","XXI_03_0047","Lackenhäuser","999","Kreis Wolfstein <Lackenhüuser Post: Klafferstraß/Ndb. Über Passau>","Niederbayern","VI_3"
"568","FS","n'",27,"1","XXI_03_0048","Dettingen","a. A.","Heidenheim  ","Württemberg","III_26"
"569","FS","n'",31,"8","XXI_03_0049","Blankenburg","999","Landkreis Wertingen [steht bei Provinz}","Gau Schwaben {steht bei Kreis}","III_47"
"570","FS","n'",33,"3","XXI_03_0050","Pöttmes","999","Aichach","999","III_47"
"571","FS","n'",35,"6","XXI_03_0051","Hohenwart","999","Schrobenhausen","Oberbayern","III_47"
"572","FS","n'",41,"8","XXI_03_0052","Weigendorf","999","Dingolfing <Isarhöhen rechts der Isar>",NA,"III_47"
"573","FS","n'",43,"4","XXI_03_0053","Indersbach","999","Landar a/Isar","999","VI_4"
"574","FS","n'",45,"9","XXI_03_0054","Aunkirchen","999","Vilshafen","Ndb.","VI_4"
"575","FS","o'",18,"3","XXI_03_0055","Grönbach-Garrweiler {auf Seite 1 nur Garrweiler}","999","Freudenstadt","Gau Württemberg-Hohenzollern","III_27"
"576","FS","o'",20,"2","XXI_03_0056","Wurmlingen","999","Tübingen","Württemberg","III_27"
"577","FS","o'",22,"8","XXI_03_0057","Pliezhausen","999","Tübingen Würt[l]emberg","Würt[l]emberg","III_27"
"578","FS","o'",24,"3","XXI_03_0058","Donnstetten","999","Münsingen","Württemberg","III_27"
"579","FS","o'",26,"14","XXI_03_0059","Amstetten","999","Alm","Württemberg","III_27"
"580","FS","o'",29,"4","XXI_03_0060","Lauingen","Donau {Knabenschule}","Dillingen Donau","Schwaben Bayern","III_48"
"581","FS","o'",37,"5","XXI_03_0061","Tegernbach","999","Mainburg","Ni[eder]bayern-Oberpfalz","III_48"
"582","FS","o'",40,"6","XXI_03_0062","Ergolding","999","Niederbayern","Bayern","III_48"
"583","FS","o'",47,"6","XXI_03_0063","Neukirchen","Inn","Passau","Bay Ostmark","VI_4"
"584","FS","p'",25,"8","XXI_03_0064","Sonderbuch","999","Ulm/Donau","Württemberg","III_28"
"585","FS","p'",27,"9","XXI_03_0065","Ober- u. Unterfahlheim{auf seite 1 nur Oberfahlheim}","999","Schwaben Bayern","999 {Bayern könnte man auch hier rei setzten}","III_28"
"586","FS","p'",29,"8","XXI_03_0066","Röfingen","999","Gönzburg","Schwaben","III_49"
"587","FS","p'",34,"6","XXI_03_0067","Obermauerbach","999","Aichach","Oberbayern","III_49"
"588","FS","p'",36,"6","XXI_03_0068","Hohenkammer","999","Freising","Ober[b].","III_49"
"589","FS","p'",40,"3","XXI_03_0069","Baierbach <Post: Neufraunhofen>","999","Vilsbiburg","Niederbayern","III_49"
"590","FS","p'",42,"3","XXI_03_0070","Reicheneibach","999","Landkreis Eggenfelden","Niederbayern","III_49"
"591","FS","q'",20,"2","XXI_03_0071","Höfendorf","999","Hechingen","Hohenzollern","III_29"
"592","FS","q'",22,"7","XXI_03_0072","Genkingen","Kr. Reutlingen","Reutlingen","Württemberg","III_29"
"593","FS","q'",23,"7","XXI_03_0073","Münsingen","999","Münsingen","Württ.","III_29"
"594","FS","q'",31,"13","XXI_03_0074","Täfertingen","999","Augsburg-Land","Schwaben","III_50"
"595","FS","q'",37,"5","XXI_03_0075","Marzling","999","Freising","Oberbayern","III_50"
"596","FS","q'",43,"4","XXI_03_0076","Hebertsfelden","999","Eggenfelden","Niederbayern","VI_5"
"597","FS","q'",45,"3","XXI_03_0077","Bayerbach","999","Griesbach","[Gar] Bayr. Ostmark","VI_5"
"598","FS","r'",20,"13","XXI_03_0078","Endingen","999","B[a]lingen","–","III_30"
"599","FS","r'",22,"6","XXI_03_0079","Bromen","999","Reutlingen","Württemberg","III_30"
"600","FS","r'",23,"7","XXI_03_0080","Hayingen","999","Münsingen","Württemberg","III_30"
"601","FS","r'",25,"12","XXI_03_0081","Rißtissen","999","Ehingen a. D.","Württemberg","III_30"
"602","FS","r'",27,"16","XXI_03_0082","Tiefenbach","999","Illertissen","Gau Schwaben  ","III_30"
"603","FS","r'",36,"1","XXI_03_0083","Haimhausen","999","Dachau","Oberb","III_51"
"604","FS","r'",37,"6","XXI_03_0084","Eichenried","999","Erding","Oberbayern","III_51"
"605","FS","r'",39,"7","XXI_03_0085","Dörfen","999","Erding","Obby.","III_51"
"606","FS","r'",42,"5","XXI_03_0086","Erharting","999","Mühldorf","Obb.","III_51"
"607","FS","r'",44,"4","XXI_03_0087","Marktl","am Inn","Altötting-Oberbayern","Land Bayern","VI_6"
"608","FS","s'",29,"1","XXI_03_0088","Krumbach","999","Krumbach","Schwaben","III_52"
"609","FS","s'",33,"3","XXI_03_0089","Günzelhofen","999","Fürstenfeldbruck","Oberbayern","III_52"
"610","FS","t'",25,"6","XXI_03_0090","Biberach","999","Biberach","Württemberg","III_32"
"611","FS","t'",27,"9","XXI_03_0091","Kirchdorf","999","Biberach/Riß","Württemberg","III_32"
"612","FS","t'",30,"2","XXI_03_0092","Mattsies","999","Mindelheim","Gau Schwaben","III_52"
"613","FS","t'",35,"10","XXI_03_0093","Neuried","999","München","999","III_52"
"614","FS","t'",37,"3","XXI_03_0094","Zorneding","999","Ebersberg","Gau Oberbayern","III_52"
"615","FS","t'",39,"3","XXI_03_0095","Albaching","999","Wasserburg","Oberbayern","III_52"
"616","FS","t'",42,"3","XXI_03_0096","Unterneukirchen","999","Altötting  ","M[un]chen-Oberbayern","III_52"
"617","FS","u'",31,"8","XXI_03_0097","Unterigling, Oberigling {auf seite 1 nur Oberigling}","999","Landsberg a/Lech","Ob[le].","III_53"
"618","FS","u'",33,"6","XXI_03_0098","Inning","999","Starnberg","[Munch]. Oberb.","III_53"
"619","FS","v'",26,"2","XXI_03_0099","Unter-Schwarzach {auf seite 4 Unterschwarzach}","999","Biberach/Riß","Württemberg","III_34"
"620","FS","v'",33,"1","XXI_03_0100","Mitterfischen","999","Weilheim","Oberbayern","III_53"
"621","FS","v'",36,"4","XXI_03_0101","Endelhausen","999","Wolfratshausen","Oberbayern","III_53"
"622","FS","v'",41,"2","XXI_03_0102","Seebruck","999","Traunstein","Oberbayern","III_53"
"623","FS","w'",24,"3","XXI_03_0103","Ebenweiler","999","Saulgau","Württemberg","III_35"
"624","FS","w'",27,"1","XXI_03_0104","Niederhofen","999","Wangen","Allgäu Gau Württbg","III_35"
"625","FS","w'",30,"4","XXI_03_0105","Eggenthal","999","Kaufbeuren","Schwaben","III_54"
"626","FS","w'",32,"1","XXI_03_0106","Denklingen","999","Kaufbeuren","Schwaben","III_54"
"627","FS","w'",38,"4","XXI_03_0107","Feldkirchen","b. Westerham","Kreis Aibling","Obby.","III_54"
"628","FS","w'",40,"3","XXI_03_0108","Stephanskirchen","999","Rosenheim","Oberbayern","III_54"
"629","FS","w'",43,"9","XXI_03_0109","Petting","999","Laufen","Oberbayern","VI_8"
"630","FS","x'",25,"8","XXI_03_0110","Wolfegg","999","Ravensburg Oberschwaben","Gau Württemberg","III_36"
"631","FS","x'",30,"8","XXI_03_0111","Oberthingau","999","Markt Oberdorf","999","III_54"
"632","FS","x'",31,"7","XXI_03_0112","Burggen","999","Schongau","Obb.","III_54"
"633","FS","x'",33,"5","XXI_03_0113","Huglfing","999","Weilheim","Oberbayern","III_54"
"634","FS","x'",35,"5","XXI_03_0114","Oberbuchen","999","Tölz","Oberbayern","III_54"
"635","FS","x'",38,"1","XXI_03_0115","Parsberg","999","Miesbach","Oberbayern","III_54"
"636","FS","x'",41,"1","XXI_03_0116","Marquartstein","Obb.","Traunstein","Oberbayern","III_54"
"637","FS","y'",39,"3","XXI_03_0117","Nußdorf","a. Inn","Rosenheim","Oberbayern","III_55"
"638","FS","y'",44,"1","XXI_03_0118","Karlstein","999","Berchtesgaden","Obb.","VI_9"
"639","FS","z'",24,"1","XXI_03_0119","Langenargen ","a/Bodensee","Friedrichshafen","Württemberg","III_38"
"640","FS","z'",25,"10","XXI_03_0120","Niederstaufen {auf seite 1 Ndr. Staufen}","über Lindau Bodensee","Lindau","Schwaben","III_38"
"641","FS","z'",29,"1","XXI_03_0121","Sulzberg","999","Kempten Land Allgäu","Gau Schwaben","III_55"
"642","FS","z'",30,"2","XXI_03_0122","Seeg","999","Marktoberdorf [F]üssen","Schwaben","III_55"
"643","FS","z'",34,"3","XXI_03_0123","Eschenlohe {auf seite 4 leer}","999","Garmisch {auf seite 4 leer}","999","III_55"
"644","FS","z'",44,"1","XXI_03_0124","Ramsau","[by] Berchtesg.","Berchtesgaden","Bayern Oberbayern","VI_9"
"645","FS","a''",28,"10","XXI_03_0125","Sonthofen","999","Sonthofen","Gau Schwaben","III_38"
"646","FS","a''",36,"1","XXI_03_0126","Fall","999","Tölz","Oberbayern","III_56"
"647","FS","b''",28,"10","XXI_03_0127","Langenwang","999","Sonthofen","Bayern","III_39"
"648","FS","m'",55,"5","Mappe_02_0001","Göllitz","999","Raplitz Oberdonau","Gratzen Oberdonau","VI_3"
"649","FS","m'",55,"6","Mappe_02_0002","Wultschau","999","Gmünd","N. D.","VI_3"
"650","FS","m'",55,"7","Mappe_02_0003","Maissen {Auf seite 4 Maißen}","am Nebelstein","Gmünd","Niederdonau","VI_3"
"651","FS","m'",55,"8","Mappe_02_0004","Harbach","999","Gmünd","Niederdonau","VI_3"
"652","FS","m'",55,"9","Mappe_02_0005","Hirschwies","bei Weitra","Gmünd","Niederdonau","VI_3"
"653","FS","999",999,"999","Mappe_04_0036","Wallendorf","999","Unterzips","999","999"
"654","FS","999",999,"999","Mappe_04_0037","Wagendrüssel","999","Göllnitz","Unterzips","999"
"655","FS","999",999,"999","Mappe_04_0038","Göllnitz","999","Göllnitz","Land: Slovensko","999"
"656","FS","999",999,"999","Mappe_04_0039","Dobschau","999","Neusohl Banska´ B[y??}rica","–","999"
"657","FS","999",999,"999","Mappe_04_0040","Schwedler","999","Unterzips, Slowack[?]i","Göllnitzdal","999"
"658","FS","999",999,"999","Mappe_04_0041","Einsiedel","a/Göllnitz","Unterzips","Slowakei","999"
"659","FS","999",999,"999","Mappe_04_0042","Altwasser","Post Schwedler, Unterzips, Slowakei","Bezirk Gölllnitz","999","999"
"660","FS","999",999,"999","Mappe_04_0043","Schmöllmitz","Schmelenz","Unterzips","Slowakei","999"
"661","FS","999",999,"999","Mappe_04_0044","Stoss {auf seite 1 Stoß}","999","Unterzips","Slowakei","999"
"662","FS","999",999,"999","Mappe_04_0045","Metzenseifen {auf Seite 4 Ober-Metzenseifen}","999","Göllnitz","Slowakei","999"
"663","FS","999",999,"999","Mappe_04_0046","Untermetzenseifen","999","d[r] deutschen P[artei] VII Pol. Bezirk Göllnitz","Unterzips","999"
"664","FS","999",999,"999","Mappe_04_0047","Michalok","deutsche Kolonie","Vranow [n]. t.","999","999"
"665","FS","999",999,"999","Mappe_04_0048","Münnichweis","999","deutsch Proben","Mittelslowakei","999"
"666","FS","999",999,"999","Mappe_04_0049","Bies","999","T[??]c<U+030C> Sv. Martin","Land: Slowakei","999"
"667","JR","v'",16,"3","Schutte_00_0001","Titisee-Jostal","999","Neustadt/Schwarzwald","Baden","III_13"
"668","JR","f'",15,"6","Schutte_00_0002","Griesbach","Vorder-","[?]ingen","999","III_2"
"669","JR","q'",17,"6","Schutte_00_0003","24 Höfe","999","Freudenstadt","Württemberg","III_29"
"670","JR","Y'",24,"5","Schutte_00_0004","Kreuzwertheim","999","Marktheidenfeld","Mainfranken","II_88"
"671","JR","v'",22,"1","Schutte_00_0005","Hippetsweiler","999","Sigmaringen","Sigmaringen","III_34"
"672","JR","u'",24,"1","Schutte_00_0006","Kanzach","999","Saulgau","Württemberg","III_33"
"673","JR","u'",22,"10","Schutte_00_0007","Mengen","999","Saulgau","Württemberg","III_33"
"674","JR","t'",20,"9","Schutte_00_0008","Königsheim","999","Tuttlingen","Württemberg","III_32"
"675","JR","s'",17,"9","Schutte_00_0009","Seedorf","999","Rottweil","Schwarzwaldvorebene","III_31"
"676","JR","a'",18,"5","Schutte_00_0010","Heppenheim","999","Bergstrasse","Starkenburg","II_57"
"677","JR","l'",22,"1","Schutte_00_0011","Duttenberg","999","Heilbronn","Württemberg","III_24"
"678","JR","e'",23,"8","Schutte_00_0012","[Eic]hach",NA,"Öhringen","Württemberg","III_18"
"679","JR","m'",20,"9","Schutte_00_0013","Weil der Stadt","999","Leonberg","Württemberg","III_25"
"680","JR","999",999,"999","Schutte_00_0014","Rosenau","999","Kronstadt","999{Land: Rumänien}","999"
"681","JR","o''",52,"1","Schutte_00_0015","Windsischbleiberg","999","Klagenfurt","Kärnten","VI_12"
"682","JR","g''",64,"5","Schutte_00_0016","Güssing","999","Fürstenfeld","Steiermark","VI_23"
"683","JR","w'",64,"6","Schutte_00_0017","Matzendorf","999","Wr. Neustadt","<n.d.>","VI_19"
"684","JR","g''",48,"2","Schutte_00_0018","St. Georgen","999","Spittal","Gau Kärnten","VI_10"
"685","JR","w'",49,"1","Schutte_00_0019","Reindlmühl","999","Gmunden","Gau Oberdonau","VI_8"
"686","JR","g''",35,"2","Schutte_00_0020","Vinaders","bei Gries a. [Brenner]","Innsbruck","999","III_58"
"687","JR","w'",38,"3","Schutte_00_0021","Bruckmühl","999","Bad Aibling","Oberbayern","III_54"
"688","JR","b''",11,"4","Schutte_00_0022","Wolschweiler","999","Altkirch","Ober-Elsaß","III_17"
"689","JR","t'",60,"5","Schutte_00_0023","Obergrafendorf","999","St. Pölten","Ostmark","VI_18"
"690","JR","n'",63,"3","Schutte_00_0024","Oberstinkenbrunn","999","Hollabrunn","Gau Niederdonau","VI_15"
"691","JR","c'",36,"4","Schutte_00_0025","Neufahrn","999","Freising","Obb.","II_115"
"692","JR","m'",36,"4","Schutte_00_0026","Geisenfeld","999","Pfaffenhofen a. d. Ilm","999","III_46"
"693","JR","999",999,"999","Schutte_00_0027","Nieder-Rycerka","999","Saybusch","Oberschlesien","999"
"694","JR","999",999,"999","Schutte_00_0028","Zabrzeg","999","Bielitz","G/S.","999"
"695","JR","T'",74,"1","Schutte_00_0029","Sabschütz","999","Leobschütz","Schlesien","V_55"
"696","JR","L'",75,"6","Schutte_00_0030","Kiefernwalde","fr. Laskowitz","Rosenberg","[Schlesien]","V_34"
"697","JR","[H]'",64,"1","Schutte_00_0031","Schedi[win]","999","Grulich","Sudetengau","999"
"698","JR","K'",60,"3","Schutte_00_0032","Wünschendorf","999","Löwenberg","Schlesien","V_23"
"699","JR","999",999,"999","Schutte_00_0033","Wladislawow","999","Plöhnen","Ostpreussen","999"
"700","JR","999",999,"999","Schutte_00_0034","Opinogora","999","Zicherau","Ostpreußen","999"
"701","JR","999",999,"999","Schutte_00_0035","Slugi","Gemeinde Tum","Lentschütz","Wartheland","999"
"702","JR","999",999,"999","Schutte_00_0036","Löwen","Karowsieki","Schröttersburg","Süelostpr.","999"
"703","JR","t'",54,"1","Schutte_00_0037","Güldendorf","fr. Tschetzschnow","Lebus","Brandenburg","VI_7"
"704","JR","l'",57,"3","Schutte_00_0038","Dierkow","Dickow","Soldin","Brandenburg","VI_14"
"705","JR","t",35,"3","Schutte_00_0039","Alt-Haldensleben","999","Haldensleben","S[?]","I_40"
"706","JR","m",37,"4","Schutte_00_0040","Schönberg","Damm","Osterburg","Sachsen","I_37"
"707","JR","v",19,"5","Schutte_00_0041","Bonneberg","999","Herford","Westfalen","II_31"
"708","JR","p",22,"4","Schutte_00_0042","Schlessinghausen","999","Nienburg","[Hannover]","I_22"
"709","JR","i",76,"1","Schutte_00_0043","Kgl. Waldau","999","Kulm","Westpr.","IV_38"
"710","JR","b''",72,"9","Schutte_00_0044","Konitz","999","Konitz","Gau Danzig-Westpr.","VI_21"
"711","JR","k",67,"2","Schutte_00_0045","Waldau","999","Kolmar","Wartheland","IV_38"
"712","JR","b",67,"2","Schutte_00_0046","Soltznitz","999","Neustettin","Pommern","IV_34"
"713","JR","h",56,"2","Schutte_00_0047","Sabow","Satr[es]","Pyritz","Pommern","IV_13"
"714","JR","Z",57,"1","Schutte_00_0048","Dorphagen","999","Cammin","Pommern","IV_5"
"715","JR","h",50,"4","Schutte_00_0049","Bertikow","999","Angermünde","Brandenburg","IV_13"
"716","JR","Z",49,"5","Schutte_00_0050","Bargischow","999","Anklam","Pommern","IV_5"
"717","JR","g",35,"5","Schutte_00_0051","Glaisin","999","Ludwigslust","Mecklbg.","I_34"
"718","JR","Z",39,"8","Schutte_00_0052","Oettelin","999","Güstrow","Mecklenburg","I_30"
"719","JR","i",18,"9","Schutte_00_0053","Schierbrok","999","Oldenburg","Oldenburg","I_16"
"720","JR","h",20,"3","Schutte_00_0054","Helse","999","Süderdithmarschen","Schleswig-Holst.","I_15"
"721","JR","R",101,"11","Schutte_00_0055","Klimmen","999","Ebenrode","Ostpreußen","VII_7"
"722","JR","M",99,"7","Schutte_00_0056","Scharken","Post Hohensalzburg","Tilsit-Ragnit","Ostpreußen","VII_3"
"723","JR","R",95,"4","Schutte_00_0057","Gomingen","Mulden II","Gerdauen","Ostpreussen","VII_7"
"724","JR","R",95,"4","Schutte_00_0058","Mulden","999","Gerdauen","Ostpreussen","VII_7"
"725","JR","N",89,"1","Schutte_00_0059","Grünhoff","fr. Fischhausen","Samland","Ostpreussen","VII_3"
"726","JR","P",70,"1","Schutte_00_0060","Klucken","999","Stolp","Pommern","IV_25"
"727","JR","X",66,"1","Schutte_00_0061","Priddargen","999","Köslin","Pomm.","IV_31"
"728","JR","[N]",24,"1","Schutte_00_0062","Glücksburg","999","Flensburg","Schleswig-Holstein","999"
"729","JR","P",23,"1","Schutte_00_0063","Haurup","999","Flensburg","Schleswig-Holstein","I_1"
"730","JR","i''",51,"1","Schutte_00_0064","Glödnitz","999","St.Veit","Kärnten","VI_10"
"731","JR","q''",34,"1","Schutte_00_0065","Kurtatsch","999","Kurtatsch,Etschtal","[Bozen]","III_60"
"732","JR","999",999,"999","XXI_04_0001","Topportz","999","Oberzips","Slowakei","999"
"733","JR","999",999,"999","XXI_04_0002","Unter Schwaben","po[?]. Smerdso<U+0306>nka","Altendorf","Slowakei","999"
"734","JR","999",999,"999","XXI_04_0003","Pudlein","999","Oberzips","Slowakei","999"
"735","JR","999",999,"999","XXI_04_0004","Klein-Lomnitz","999","Käsmark","999","999"
"736","JR","999",999,"999","XXI_04_0005","Kniesen","999","Käsmark","Slowakei","999"
"737","JR","999",999,"999","XXI_04_0006","Hobgart","999","Oberzips","Slowakei","999"
"738","JR","999",999,"999","XXI_04_0007","Bierbrunn","999","Käsmark","999","999"
"739","JR","999",999,"999","XXI_04_0008","Malthern","999","Oberzips","Slowakei","999"
"740","JR","999",999,"999","XXI_04_0009","Bauschendorf","999","Käsmark","Zips","999"
"741","JR","999",999,"999","XXI_04_0010","Roks","(Rokus)","Oberzips","Slowakei","999"
"742","JR","999",999,"999","XXI_04_0011","Bela","Zipser {auf 4. Seite vorangestellt}","Käsmark","Tatragau","999"
"743","JR","999",999,"999","XXI_04_0012","Ne[l]re","999","Oberzips <Bezirk: Küsmark>","Tatragau","999"
"744","JR","999",999,"999","XXI_04_0013","Hollumtz","999","Oberzips","Land: Slowakei","999"
"745","JR","999",999,"999","XXI_04_0014","Meierhöfen","999","Käsmark","Oberzips","999"
"746","JR","999",999,"999","XXI_04_0015","Neuwalddorf","999","Oberzips, Deutschendorf {O auf S. 1, D auf 4}","Zips","999"
"747","JR","999",999,"999","XXI_04_0016","Alt-Walddorf","999","Käsmark","Slowakei","999"
"748","JR","999",999,"999","XXI_04_0017","Groß-Schlagendorf","999","Oberzips","Slowakei","999"
"749","JR","999",999,"999","XXI_04_0018","Mühlenbach","999","Käsmark","Zips, Slowakei","999"
"750","JR","999",999,"999","XXI_04_0019","Matzdorf","999","Zips","Oberzips Slowakei","999"
"751","JR","999",999,"999","XXI_04_0020","Vorberg","Forberg {auf S. 4}","Käsmark","Zips","999"
"752","JR","999",999,"999","XXI_04_0021","Käsmark","999","Käsmark","Slowakei","999"
"753","JR","999",999,"999","XXI_04_0022","Groß-Lomnitz","999","Oberzips","<Bezirk:> Käsmark","999"
"754","JR","999",999,"999","XXI_04_0023","Hunsdorf","999","Käsmark","Zips","999"
"755","JR","999",999,"999","XXI_04_0024","Leibitz","999","Käsmark","Slowakei","999"
"756","JR","999",999,"999","XXI_04_0025","Eisdorf","999","Oberzips","999","999"
"757","JR","999",999,"999","XXI_04_0026","Menhardsdorf","[v]rbov.","Käsmark","999","999"
"758","JR","999",999,"999","XXI_04_0027","Surelsdorf","999","Käsmark","Zips in der Slowakei","999"
"759","JR","999",999,"999","XXI_04_0028","Riesdorf","999","Käsmark","999","999"
"760","JR","999",999,"999","XXI_04_0029","Burgerhof","999","Leutschau","999","999"
"761","JR","999",999,"999","XXI_04_0030","Felka","999","Oberzips, Slowakei","999","999"
"762","JR","999",999,"999","XXI_04_0031","Georgenberg","999","Oberzips-Slowakei, Deutschendorf ","999","999"
"763","JR","999",999,"999","XXI_04_0032","Michelsdorf","999","Oberzips","Slowakei","999"
"764","JR","999",999,"999","XXI_04_0033","Poprad","Deutschendorf","Käsmark {auf S. 1}, Poprad {auf S. 4}","Zips, Slowakei","999"
"765","JR","999",999,"999","XXI_04_0034","Kirchdrauf","999","Leutschau","Zips, Slowakei","999"
"766","JR","999",999,"999","XXI_04_0035","Zipser Neudorf","Sp. Nová Ves","Zips {auf S. 1}, Zipser-Neudorf {auf S. 4}","Slowakei","999"
"767","JR","999",999,"999","XXI_04_0050","Kloster","999","Bez. Turc<U+0306>. [?] Martin","Sp[?]hinsal: Promnitz-D[?]graben","999"
"768","JR","999",999,"999","XXI_04_0051","Fundstollen","999","St. Proben {S. 1}. Bremnitz-[Durtsch] Proben {S. 4}","Slowakei","999"
"769","JR","999",999,"999","XXI_04_0052","Schmiedshau","999","Priewitz </Deutsch-Probener Sprachinsel/>","Slowakische Republik","999"
"770","JR","999",999,"999","XXI_04_0053","Gaidel-Gajdel","999","Prievidza","Slowakei","999"
"771","JR","999",999,"999","XXI_04_0054","Deutsch-Proben","999","Priewitz </Deutsch-Probener Sprachinsel/>","Slowakei","999"
"772","JR","999",999,"999","XXI_04_0055","Bettelsdorf","999","St-Proben {S.1}, R[emn]itz-Deutschproben","999","999"
"773","JR","999",999,"999","XXI_04_0056","Zecke","999","St-Proben","999","999"
"774","JR","999",999,"999","XXI_04_0057","Benesellau","999","St-Proben","999","999"
"775","JR","999",999,"999","XXI_04_0058","Hedwig","999","St-Proben {S.1}, Turc<U+0306>. Sv. Martin","Land Slowakei","999"
"776","JR","999",999,"999","XXI_04_0059","Bürgersch[?] in Oberstuben","999","Kremnitz","999","999"
"777","JR","999",999,"999","XXI_04_0060","Glaserhau","999","Kremnitz","Slowakei","999"
"778","JR","999",999,"999","XXI_04_0061","Unterturz","999","Kremnitz","999","999"
"779","JR","999",999,"999","XXI_04_0062","Oberturz","999","Kremnitz","Slowakei","999"
"780","JR","999",999,"999","XXI_04_0063","Unter-Drz<U+0306>kovce","Dolnie Drz<U+0306>kovce","Bànovce w. Bebr.","Slowakei <[Str]eudeutschtum>","999"
"781","JR","999",999,"999","XXI_04_0064","Krickerhau","999","St-Proben","999","999"
"782","JR","999",999,"999","XXI_04_0065","Neuhäu","999","Sankt-Proben Kremnitz","Slowakei","999"
